time_stamp,supply_temp,outdoor_temp,power_kw
2022-10-19T19:00:00+00:00,32.33535419810902,4.064646402994792,3.8331649639088696
